name,latitude,longitude,website,categories,sub categories,emails,address_city,phone,address,address_region_1,address_country,opening hours,price_level,rating,burgersales,pizzasales,sodasales
Duck Donuts,35.9002652,-78.6823493,https://duckdonuts.com/locations/raleigh-nc/,bakery|cafe|restaurant|food|store,donut shop|baked goods store|bakeries and patisseries|breakfast restaurant|cafe|coffe container|coffee|coffee shop|dessert restaurant|dessert shop|food products|sweets|tea and coffee merchant,[],Raleigh,+1 919-847-3800,"8323 Creedmoor Rd, Raleigh, NC 27613, USA",North Carolina,United States,Monday: 6:00 AM ? 7:00 PM|Tuesday: 6:00 AM ? 7:00 PM|Wednesday: 6:00 AM ? 7:00 PM|Thursday: 6:00 AM ? 7:00 PM|Friday: 6:00 AM ? 7:00 PM|Saturday: 6:00 AM ? 7:00 PM|Sunday: 6:00 AM ? 7:00 PM,1,4.7,46,61,69
Taco Bell,35.5951747,-82.5329633,http://www.tacobell.com/,meal takeaway|restaurant|food,mexican restaurant|Mexican|breakfast restaurant|burrito restaurant|ethnic foods|fast food container|fast food restaurant|Fast Food|meal takeaway|southwestern us restaurant|taco restaurant|western food,[],Asheville,+1 828-253-4240,"67 Tunnel Rd, Asheville, NC 28805, USA",North Carolina,United States,Monday: 7:00 AM ? 1:00 AM|Tuesday: 7:00 AM ? 1:00 AM|Wednesday: 7:00 AM ? 1:00 AM|Thursday: 7:00 AM ? 1:00 AM|Friday: 7:00 AM ? 2:00 AM|Saturday: 7:00 AM ? 2:00 AM|Sunday: 7:00 AM ? 1:00 AM,1,3.6,71,55,30
Itza Boutza Pizza,36.352894,-76.1455261,http://ibpizza.com/,restaurant|food,italian restaurant|Italian|fast food container|pizza restaurant|Pizza|pizzas|western food,[],Camden,+1 252-338-5660,"104 Investors Way, Camden, NC 27921, USA",North Carolina,United States,Monday: 11:00 AM ? 9:00 PM|Tuesday: 11:00 AM ? 9:00 PM|Wednesday: 11:00 AM ? 9:00 PM|Thursday: 11:00 AM ? 9:00 PM|Friday: 11:00 AM ? 9:00 PM|Saturday: 11:00 AM ? 9:00 PM|Sunday: 11:30 AM ? 8:00 PM,3,4.7,62,58,10
Domino's Pizza,35.885234,-81.5311369,https://www.dominos.com/,restaurant|food,pizza restaurant|Pizza|fast food container|pizzas|western food,[],Lenoir,+1 828-728-1828,"Connelly Springs Rd, Lenoir, NC 28645, USA",North Carolina,United States,Monday: 10:30 AM ? 11:00 PM|Tuesday: 10:30 AM ? 11:00 PM|Wednesday: 10:30 AM ? 11:00 PM|Thursday: 10:30 AM ? 11:00 PM|Friday: 10:30 AM ? 12:00 AM|Saturday: 10:30 AM ? 12:00 AM|Sunday: 10:30 AM ? 11:00 PM,1,2.3,59,78,75
Twin Peaks Concord,35.3736376,-80.7260815,http://www.twinpeaksrestaurant.com/locations/concord/,bar|restaurant|food,american restaurant|American|bar and grill|Grill|bars and pubs|restaurant|sports bar|western food,"[""Randy.Dewitt@FBrest.com"", ""example@server.com"", ""marketing@twinpeaksrestaurant.com"", ""Franchise@TwinPeaksRestaurant.com"", ""mgtresumes@twinpeaksrestaurant.com"", ""construction@twinpeaksrestaurant.com"", ""development@twinpeaksrestaurant.com"", ""firehousemedia@firehouseagency.com""]",Concord,+1 910-467-8370,"8601 Concord Mills Boulevard, Concord, NC 28027, USA",North Carolina,United States,Monday: 11:00 AM ? 12:00 AM|Tuesday: 11:00 AM ? 12:00 AM|Wednesday: 11:00 AM ? 12:00 AM|Thursday: 11:00 AM ? 2:00 AM|Friday: 11:00 AM ? 2:00 AM|Saturday: 11:00 AM ? 2:00 AM|Sunday: 11:00 AM ? 12:00 AM,2,4,13,14,50
Yummy Yummy,26.639367,-82.037799,http://www.yummyyummycapecoral.com/,restaurant|food,restaurant,[],Cape Coral,+1 239-558-4380,"3015 SW Pine Island Rd #108, Cape Coral, FL 33991, USA",Florida,United States,Monday: 11:00 AM ? 9:30 PM|Tuesday: 11:00 AM ? 9:30 PM|Wednesday: 11:00 AM ? 9:30 PM|Thursday: 11:00 AM ? 9:30 PM|Friday: 11:00 AM ? 10:30 PM|Saturday: 11:00 AM ? 10:30 PM|Sunday: 11:00 AM ? 9:30 PM,2,4.6,56,27,56
Dunkin' Donuts,26.575545,-80.0541893,https://www.dunkindonuts.com/?utm_source=google&utm_medium=local&utm_campaign=localmaps&utm_content=352175,bakery|cafe|restaurant|food|store,donut shop|bagel shop|baked goods store|bakeries and patisseries|bakery|breakfast restaurant|coffe container|coffee|coffee shop|espresso bar|fast food container|fast food restaurant|Fast Food|food products|pastry shop|sandwich shop|Sandwich|sweets|tea and coffee merchant,[],Lantana,+1 561-585-9027,"1101 S Dixie Hwy, Lantana, FL 33462, USA",Florida,United States,Monday: 5:00 AM ? 10:00 PM|Tuesday: 5:00 AM ? 10:00 PM|Wednesday: 5:00 AM ? 10:00 PM|Thursday: 5:00 AM ? 10:00 PM|Friday: 5:00 AM ? 10:00 PM|Saturday: 6:00 AM ? 10:00 PM|Sunday: 6:00 AM ? 10:00 PM,1,3.9,44,60,50
Bogie's Cafe,25.0956367,-80.4384006,http://www.facebook.com/pages/Key-Largo-FL/Bogies-Cafe-Key-Largo-Florida/164678537455?v=wall,restaurant|cafe|food,restaurant|cafe|coffee,[],Key Largo,+1 305-451-2121,"99701 Overseas Hwy, Key Largo, FL 33037, USA",Florida,United States,Monday: 7:00 ? 11:00 AM|Tuesday: 7:00 ? 11:00 AM|Wednesday: 7:00 ? 11:00 AM|Thursday: 7:00 ? 11:00 AM|Friday: 7:00 ? 11:00 AM|Saturday: 7:00 ? 11:00 AM|Sunday: 7:00 ? 11:00 AM,1,4.8,61,85,45
City Boys Pizza,26.3356238,-80.2003949,http://www.cityboyspizza.com/,restaurant|food,restaurant,"[""neil@usapowercomputers.com""]",Boca Raton,+1 561-482-0555,"9846 Sandalfoot Blvd, Boca Raton, FL 33428, USA",Florida,United States,Monday: 11:30 AM ? 10:00 PM|Tuesday: 11:30 AM ? 10:00 PM|Wednesday: 11:30 AM ? 10:00 PM|Thursday: 11:30 AM ? 10:00 PM|Friday: 11:30 AM ? 10:00 PM|Saturday: 11:30 AM ? 10:00 PM|Sunday: 11:30 AM ? 10:00 PM,2,4.1,48,61,68
Jersey Mike's Subs,26.318572,-80.203318,https://www.jerseymikes.com/13078/Parkland-FL,meal takeaway|restaurant|food|store,sandwich shop|Sandwich|business service|catering service|deli|fast food container|fast food restaurant|Fast Food|food products|meal takeaway|party service,"[""user@domain.com""]",Parkland,+1 954-755-0005,"7011 North State Road 7, Parkland, FL 33073, USA",Florida,United States,Monday: 10:00 AM ? 9:00 PM|Tuesday: 10:00 AM ? 9:00 PM|Wednesday: 10:00 AM ? 9:00 PM|Thursday: 10:00 AM ? 9:00 PM|Friday: 10:00 AM ? 9:00 PM|Saturday: 10:00 AM ? 9:00 PM|Sunday: 10:00 AM ? 9:00 PM,1,4.2,87,79,62
Best Way Pizza,40.178833,-78.6106398,http://www.bestwaypizza.com/,restaurant|food,pizza restaurant|Pizza|fast food container|pizzas|western food,"[""bestwaypizza@bestwaypizza.com""]",Pleasantville,+1 814-401-1046,"4204 Quaker Valley Rd, Alum Bank, PA 15521, USA",Pennsylvania,United States,Monday: 11:00 AM ? 10:00 PM|Tuesday: 11:00 AM ? 10:00 PM|Wednesday: 11:00 AM ? 10:00 PM|Thursday: 11:00 AM ? 10:00 PM|Friday: 11:00 AM ? 11:00 PM|Saturday: 11:00 AM ? 11:00 PM|Sunday: 11:00 AM ? 10:00 PM,1,4.3,42,76,55
O&M Halal,40.0304544,-75.1654369,http://omhalal.com/,restaurant|food,pizza restaurant|Pizza|fast food container|pizzas|western food,[],Philadelphia,+1 215-438-0453,"5101 Germantown Ave, Philadelphia, PA 19144, USA",Pennsylvania,United States,Monday: 9:00 AM ? 9:00 PM|Tuesday: 9:00 AM ? 9:00 PM|Wednesday: 9:00 AM ? 9:00 PM|Thursday: 9:00 AM ? 9:00 PM|Friday: 9:00 AM ? 10:00 PM|Saturday: 9:00 AM ? 10:00 PM|Sunday: Closed,2,4,24,74,55
Franky Bradley's,39.9484936,-75.1631112,http://www.frankybradleys.com/,night club|bar|restaurant|food,american restaurant|American|bar|bars and pubs|dancing|discos and night clubs|live music venue|night club|western food,"[""contact@frankybradleys.com"", ""becca@frankybradleys.com""]",Philadelphia,+1 215-735-0735,"1320 Chancellor St, Philadelphia, PA 19107, USA",Pennsylvania,United States,Monday: 5:00 PM ? 2:00 AM|Tuesday: 5:00 PM ? 2:00 AM|Wednesday: 5:00 PM ? 2:00 AM|Thursday: 5:00 PM ? 2:00 AM|Friday: 5:00 PM ? 2:00 AM|Saturday: 12:00 PM ? 2:00 AM|Sunday: 12:00 PM ? 2:00 AM,2,4.2,58,37,71
JA Buffet,40.56171,-76.010519,http://jabuffet.webs.com/apps/location/,restaurant|food,buffet restaurant|restaurant,[],Hamburg,+1 610-562-5828,"1752 Tilden Ridge Dr, Hamburg, PA 19526, USA",Pennsylvania,United States,Monday: 11:30 AM ? 10:00 PM|Tuesday: 11:30 AM ? 10:00 PM|Wednesday: 11:30 AM ? 10:00 PM|Thursday: 11:30 AM ? 10:00 PM|Friday: 11:30 AM ? 11:00 PM|Saturday: 11:00 AM ? 11:00 PM|Sunday: 11:00 AM ? 10:00 PM,1,2.8,78,55,32
The Bourbon Barrel,42.123122,-80.0804767,http://www.bourbonbarrelerie.com/,restaurant|food,american restaurant|American|western food,"[""info@bourbonbarrelerie.com""]",Erie,+1 814-452-3000,"1213 State St, Erie, PA 16501, USA",Pennsylvania,United States,Monday: Closed|Tuesday: Closed|Wednesday: 5:00 PM ? 12:00 AM|Thursday: 5:00 PM ? 2:00 AM|Friday: 5:00 PM ? 2:00 AM|Saturday: 5:00 PM ? 2:00 AM|Sunday: Closed,1,3.5,47,90,80
Dunkin' Donuts,40.0486618,-75.4144866,https://www.dunkindonuts.com/?utm_source=google&utm_medium=local&utm_campaign=localmaps&utm_content=338381,bakery|cafe|restaurant|food|store,donut shop|bagel shop|baked goods store|bakeries and patisseries|bakery|breakfast restaurant|coffe container|coffee|coffee shop|espresso bar|fast food container|fast food restaurant|Fast Food|food products|pastry shop|sandwich shop|Sandwich|sweets|tea and coffee merchant,[],Devon,+1 610-688-8554,"891 W Lancaster Ave, Devon, PA 19333, USA",Pennsylvania,United States,Monday: 5:00 AM ? 9:00 PM|Tuesday: 5:00 AM ? 9:00 PM|Wednesday: 5:00 AM ? 9:00 PM|Thursday: 5:00 AM ? 9:00 PM|Friday: 5:00 AM ? 9:00 PM|Saturday: 5:00 AM ? 8:00 PM|Sunday: 5:00 AM ? 9:00 PM,1,3.3,68,23,40
Dairy Queen Store,41.2621969,-95.8969,http://www.dairyqueen.com/,restaurant|food,fast food restaurant|Fast Food|fast food container,[],Council Bluffs,+1 712-322-3424,"3210 W Broadway, Council Bluffs, IA 51501, USA",Iowa,United States,Monday: 10:30 AM ? 8:00 PM|Tuesday: 10:30 AM ? 8:00 PM|Wednesday: 10:30 AM ? 8:00 PM|Thursday: 10:30 AM ? 8:00 PM|Friday: 10:30 AM ? 8:00 PM|Saturday: 10:30 AM ? 8:00 PM|Sunday: 10:30 AM ? 8:00 PM,1,2.7,48,89,40
The Brown Bottle,42.493975,-92.338627,http://www.brownbottlewaterloo.com/,restaurant|food,italian restaurant|Italian|restaurant|western food,"[""waterloobrownbottle@gmail.com""]",Waterloo,+1 319-232-3014,"209 W 5th St, Waterloo, IA 50701, USA",Iowa,United States,Monday: 4:00 ? 9:00 PM|Tuesday: 4:00 ? 9:00 PM|Wednesday: 4:00 ? 9:00 PM|Thursday: 4:00 ? 9:00 PM|Friday: 4:00 ? 10:00 PM|Saturday: 4:00 ? 10:00 PM|Sunday: 4:00 ? 9:00 PM,2,4.1,88,72,85
The Prairie Soup Company,41.975598,-91.6658507,http://www.prairiesoup.com/,cafe|meal takeaway|restaurant|food|store,soup restaurant|Soup|cafe|coffe container|coffee|coffee shop|fast food container|fast food restaurant|Fast Food|meal takeaway|restaurant|sandwich shop|Sandwich|tea and coffee merchant,"[""catering@prairiesoup.com"", ""info@prairiesoup.com""]",Cedar Rapids,+1 319-362-0972,"425 2nd St SE, Cedar Rapids, IA 52401, USA",Iowa,United States,Monday: 7:00 AM ? 4:00 PM|Tuesday: 7:00 AM ? 4:00 PM|Wednesday: 7:00 AM ? 4:00 PM|Thursday: 7:00 AM ? 4:00 PM|Friday: 7:00 AM ? 4:00 PM|Saturday: Closed|Sunday: Closed,2,4.4,67,83,21
P's Pizza House,42.9984768,-96.0472491,http://www.pspizzahouse.com/,restaurant|food,pizza restaurant|Pizza|fast food container|pizzas|western food,"[""info@pspizzahouse.com""]",Orange City,+1 712-737-9077,"723 8th St SE, Orange City, IA 51041, USA",Iowa,United States,Monday: 3:00 PM ? 12:00 AM|Tuesday: 3:00 PM ? 12:00 AM|Wednesday: 3:00 PM ? 12:00 AM|Thursday: 3:00 PM ? 12:00 AM|Friday: 11:00 AM ? 1:00 AM|Saturday: 11:00 AM ? 1:00 AM|Sunday: Closed,3,3.9,86,63,61
DQ Grill & Chill Restaurant,41.6720585,-93.6981798,http://www.dairyqueen.com/,restaurant|food,fast food restaurant|Fast Food|fast food container,[], wait,+1 515-278-5904,"6150 Merle Hay Rd, Johnston, IA 50131, USA", but the Chicken in that sandwich is frozen as it was not pulled out earlier.  WHILE the guy is yel, did not repeat my total and still did not ask me for my drink request.  I wait,Monday: 10:30 AM ? 10:00 PM|Tuesday: 10:30 AM ? 10:00 PM|Wednesday: 10:30 AM ? 10:00 PM|Thursday: 10:30 AM ? 10:00 PM|Friday: 10:30 AM ? 10:30 PM|Saturday: 10:30 AM ? 10:30 PM|Sunday: 10:30 AM ? 10:00 PM,1,1.6,78,15,53
Tasty Tacos Inc,41.5333116,-93.5962425,http://www.tastytacos.com/,restaurant|food,restaurant|ethnic foods|fast food container|fast food restaurant|Fast Food|mexican restaurant|Mexican|western food,[],Des Moines,+1 515-285-1946,"5847 SE 14th St, Des Moines, IA 50320, USA",Iowa,United States,Monday: 11:00 AM ? 10:00 PM|Tuesday: 11:00 AM ? 10:00 PM|Wednesday: 11:00 AM ? 10:00 PM|Thursday: 11:00 AM ? 10:00 PM|Friday: 11:00 AM ? 10:00 PM|Saturday: 11:00 AM ? 10:00 PM|Sunday: Closed,1,4.4,13,53,90
Pilot Travel Center,41.6441541,-91.1496305,https://www.pilotflyingj.com/stores/0496,convenience store|gas station|restaurant|food|store,convenience store|energy|fast food container|fast food restaurant|Fast Food|fuel station|fuels|gas station,"[""realestate@pilottravelcenters.com"", ""sales@pilottravelcenters.com"", ""myRewards@PilotFlyingJ.com"", ""MyRewards@PilotFlyingJ.com""]",Atalissa,+1 563-946-3761,"2086 Atalissa Rd, Atalissa, IA 52720, USA",Iowa,United States,Monday: Open 24 hours|Tuesday: Open 24 hours|Wednesday: Open 24 hours|Thursday: Open 24 hours|Friday: Open 24 hours|Saturday: Open 24 hours|Sunday: Open 24 hours,3,3.4,64,63,63
Food for Thought Caf?,41.6595114,-91.5384616,https://dining.uiowa.edu/locations/food-thought-caf%C3%A9,cafe|convenience store|meal takeaway|restaurant|food|store,cafe|coffe container|coffee|coffee shop|convenience store|espresso bar|food service|meal takeaway|tea and coffee merchant,"[""dining@uiowa.edu""]",Iowa City,+1 319-335-6170,"125 W Washington St, Iowa City, IA 52242, USA",Iowa,United States,Monday: 7:30 AM ? 11:00 PM|Tuesday: 7:30 AM ? 11:00 PM|Wednesday: 7:30 AM ? 11:00 PM|Thursday: 7:30 AM ? 11:00 PM|Friday: 7:00 AM ? 4:00 PM|Saturday: Closed|Sunday: 4:00 ? 11:00 PM,2,2.5,42,60,56
Quiznos,42.4721642,-91.1149111,http://restaurants.quiznos.com/ia/dyersville/hwy1369thstreet-52040,restaurant|food|store,sandwich shop|Sandwich|business service|catering service|deli|fast food container|fast food restaurant|Fast Food|food products|party service|restaurant,"[""example@example.com""]",Dyersville,+1 563-875-2434,"1426 9th St SE, Dyersville, IA 52040, USA",Iowa,United States,Monday: 10:00 AM ? 9:00 PM|Tuesday: 10:00 AM ? 9:00 PM|Wednesday: 10:00 AM ? 9:00 PM|Thursday: 10:00 AM ? 9:00 PM|Friday: 10:00 AM ? 9:00 PM|Saturday: 10:00 AM ? 9:00 PM|Sunday: 11:00 AM ? 8:00 PM,1,4.6,24,81,29
Hardee's,41.9621504,-91.6767298,http://www.hardees.com/,restaurant|food,fast food restaurant|Fast Food|fast food container|hamburger restaurant|Hamburger|restaurant|western food,"[""support@superstarrewards.com""]",Cedar Rapids,+1 319-363-7710,"1519 6th St SW, Cedar Rapids, IA 52404, USA",Iowa,United States,Monday: 5:30 AM ? 11:00 PM|Tuesday: 5:30 AM ? 11:00 PM|Wednesday: 5:30 AM ? 11:00 PM|Thursday: 5:30 AM ? 11:00 PM|Friday: 6:00 AM ? 12:00 AM|Saturday: 6:00 AM ? 12:00 AM|Sunday: 7:00 AM ? 11:00 PM,1,3.3,39,78,13
Arby's,41.6491141,-93.7379372,http://www.drmarbys.com/,restaurant|food,fast food restaurant|Fast Food|american restaurant|American|family restaurant|fast food container|sandwich shop|Sandwich|western food,[],Urbandale,+1 515-334-9010,"4920 86th St, Urbandale, IA 50322, USA",Iowa,United States,Monday: 10:00 AM ? 10:00 PM|Tuesday: 10:00 AM ? 10:00 PM|Wednesday: 10:00 AM ? 10:00 PM|Thursday: 10:00 AM ? 10:00 PM|Friday: 10:00 AM ? 10:00 PM|Saturday: 10:00 AM ? 10:00 PM|Sunday: 10:00 AM ? 10:00 PM,2,4,43,61,71
Maid-Rite DMACC,41.7054265,-93.6085546,http://www.maid-rite.com/,restaurant|food,restaurant,[],Ankeny,+1 515-964-7951,"2006 S Ankeny Blvd, Bldg 5 Student Center, Ankeny, IA 50023, USA",Iowa,United States,Monday: 10:00 AM ? 7:00 PM|Tuesday: 10:00 AM ? 7:00 PM|Wednesday: 10:00 AM ? 7:00 PM|Thursday: 10:00 AM ? 7:00 PM|Friday: 10:00 AM ? 4:00 PM|Saturday: Closed|Sunday: Closed,1,2,43,10,35
Lally's Eastside Restaurant,42.7932097,-96.1638937,http://lallyschickenandribs.com/,restaurant|food,restaurant,[],Le Mars,+1 712-546-4406,"125 Plymouth Street NE, Le Mars, IA 51031, USA",Iowa,United States,Monday: 10:00 AM ? 8:00 PM|Tuesday: 10:00 AM ? 8:00 PM|Wednesday: 10:00 AM ? 8:00 PM|Thursday: 10:00 AM ? 8:00 PM|Friday: 10:00 AM ? 8:00 PM|Saturday: 10:00 AM ? 8:00 PM|Sunday: 10:00 AM ? 8:00 PM,1,4.2,66,48,73
Mineral City Mill & Grill,42.500827,-94.160932,http://www.mineralcitymillandgrill.com/,bar|restaurant|food,american restaurant|American|bars and pubs|new us american restaurant|sports bar|western food,[],Fort Dodge,+1 515-955-8514,"2621 5th Ave S, Fort Dodge, IA 50501, USA",Iowa,United States,Monday: 11:00 AM ? 10:00 PM|Tuesday: 11:00 AM ? 10:00 PM|Wednesday: 11:00 AM ? 10:00 PM|Thursday: 11:00 AM ? 10:00 PM|Friday: 11:00 AM ? 10:00 PM|Saturday: 11:00 AM ? 10:00 PM|Sunday: 10:00 AM ? 9:00 PM,1,4.4,18,44,33
McDonald's,45.5680229,-94.3010604,http://www.mcdonalds.com/,cafe|restaurant|food|store,fast food restaurant|Fast Food|breakfast restaurant|coffe container|coffee|coffee shop|fast food container|hamburger restaurant|Hamburger|ice cream shop|restaurant|salad shop|Salad|sandwich shop|Sandwich|sweets|tea and coffee merchant|western food,[],Saint Joseph,+1 320-363-4223,"1180 Elm St E, St Joseph, MN 56374, USA",Minnesota,United States,Monday: 5:00 AM ? 11:00 PM|Tuesday: 5:00 AM ? 11:00 PM|Wednesday: 5:00 AM ? 11:00 PM|Thursday: 5:00 AM ? 11:00 PM|Friday: 5:00 AM ? 1:00 AM|Saturday: 5:00 AM ? 1:00 AM|Sunday: 6:00 AM ? 11:00 PM,1,2.8,75,74,30
Kings Wine Bar,44.9197609,-93.2841719,http://www.kingsmpls.com/,bar|restaurant|food,asian fusion restaurant|bars and pubs|chinese food|dim sum restaurant|Dim Sum|ethnic foods|korean food|pho restaurant|Pho|restaurant|tea|vietnamese restaurant|Vietnamese|wine|wine bar,[],Minneapolis,+1 612-354-7928,"4555 Grand Ave S, Minneapolis, MN 55419, USA",Minnesota,United States,Monday: 4:00 ? 10:00 PM|Tuesday: 4:00 ? 10:00 PM|Wednesday: 4:00 ? 10:00 PM|Thursday: 4:00 ? 10:00 PM|Friday: 4:00 ? 11:00 PM|Saturday: 4:00 ? 11:00 PM|Sunday: 4:00 ? 9:00 PM,2,3.9,15,84,41
Holiday Stationstores,45.2873796,-93.2334224,http://www.holidaystationstores.com/locations/store/223/Ham%20Lake%20MN?utm_source=google&utm_medium=local&utm_campaign=localmaps&utm_content=223,convenience store|gas station|atm|cafe|restaurant|food|finance|store,convenience store|atm|breakfast restaurant|coffe container|coffee|coffee shop|coffee store|energy|fast food container|fuel station|fuels|gas station|places of interest|sandwich shop|Sandwich|tea and coffee merchant,"[""webmaster@holidaystationstores.com""]",Ham Lake,+1 763-434-4699,"1442 Crosstown Blvd NE, Ham Lake, MN 55304, USA",Minnesota,United States,Monday: Open 24 hours|Tuesday: Open 24 hours|Wednesday: Open 24 hours|Thursday: Open 24 hours|Friday: Open 24 hours|Saturday: Open 24 hours|Sunday: Open 24 hours,3,4.7,69,80,34
Holiday Stationstores,45.1848598,-93.3137852,http://www.holidaystationstores.com/locations/store/3514/Coon%20Rapids%20MN?utm_source=google&utm_medium=local&utm_campaign=localmaps&utm_content=3514,convenience store|gas station|atm|cafe|restaurant|food|finance|store,convenience store|atm|breakfast restaurant|coffe container|coffee|coffee shop|coffee store|energy|fast food container|fuel station|fuels|gas station|places of interest|sandwich shop|Sandwich|tea and coffee merchant,"[""webmaster@holidaystationstores.com""]",Coon Rapids,+1 763-208-1380,"1855 Gateway Dr NW, Coon Rapids, MN 55448, USA",Minnesota,United States,Monday: Open 24 hours|Tuesday: Open 24 hours|Wednesday: Open 24 hours|Thursday: Open 24 hours|Friday: Open 24 hours|Saturday: Open 24 hours|Sunday: Open 24 hours,2,3.9,86,44,36
Stephano's Italian Cuisine,44.790969,-93.24392,http://www.stephanosbistro.net/,restaurant|food,italian restaurant|Italian|business service|catering service|party service|western food,"[""kozyrevmain@gmail.com""]",Burnsville,+1 952-895-1639,"11849 Millpond Ave, Burnsville, MN 55337, USA",Minnesota,United States,,2,3.8,71,28,32
Gyro's Grill,44.836665,-93.249437,http://www.ordergyrosgrill.com/,meal takeaway|restaurant|food,greek restaurant|Greek|fast food container|mediterranean restaurant|Mediterranean|pizza restaurant|Pizza|pizzas|pizzatakeaway|western food,[],Bloomington,+1 952-888-2121,"1710 E Old Shakopee Rd, Bloomington, MN 55425, USA",Minnesota,United States,Monday: 10:30 AM ? 6:00 PM|Tuesday: 10:30 AM ? 8:00 PM|Wednesday: 10:30 AM ? 8:00 PM|Thursday: 10:30 AM ? 8:00 PM|Friday: 10:30 AM ? 8:00 PM|Saturday: 10:30 AM ? 6:00 PM|Sunday: 10:30 AM ? 6:00 PM,2,4.4,17,79,80
Suzie's Kitchen,44.7311212,-93.144919,http://suzieskitchenrosemount.com/,restaurant|food,restaurant|american restaurant|American|western food,[],Rosemount,+1 651-322-8393,"15023 Crestone Ave, Rosemount, MN 55068, USA",Minnesota,United States,Monday: 6:00 AM ? 2:00 PM|Tuesday: 6:00 AM ? 2:00 PM|Wednesday: 6:00 AM ? 2:00 PM|Thursday: 6:00 AM ? 2:00 PM|Friday: 6:00 AM ? 2:00 PM|Saturday: 6:00 AM ? 2:00 PM|Sunday: 6:00 AM ? 2:00 PM,1,3.9,43,12,24
Uncle Louis Cafe,46.7947627,-92.0953946,http://www.unclelouiscafe.com/,cafe|restaurant|food,american restaurant|American|cafe|coffee|restaurant|western food,"[""ULC@UNCLELOUISCAFE.COM""]",Duluth,+1 218-727-4518,"520 E 4th St, Duluth, MN 55805, USA",Minnesota,United States,Monday: 6:00 AM ? 2:45 PM|Tuesday: 6:00 AM ? 2:45 PM|Wednesday: 6:00 AM ? 2:45 PM|Thursday: 6:00 AM ? 2:45 PM|Friday: 6:00 AM ? 2:45 PM|Saturday: 7:00 AM ? 2:45 PM|Sunday: 7:00 AM ? 2:45 PM,2,4.6,11,16,67
Shang Hai Wok,44.9773954,-93.2739938,https://m.facebook.com/pages/Shanghai-Wok/113523575349176,restaurant|food,chinese restaurant|Chinese|chinese food|ethnic foods,[],Minneapolis,+1 612-333-7798,"27 S 7th St #1, Minneapolis, MN 55402, USA",Minnesota,United States,Monday: 11:00 AM ? 8:00 PM|Tuesday: 11:00 AM ? 8:00 PM|Wednesday: 11:00 AM ? 8:00 PM|Thursday: 11:00 AM ? 8:00 PM|Friday: 11:00 AM ? 8:00 PM|Saturday: Closed|Sunday: Closed,1,4.3,67,61,83
TOMO HIBACHI&SUSHI,45.511269,-92.998008,http://tomonorthbranch.com/default.aspx,restaurant|food,restaurant,[],North Branch,+1 651-237-0888,"5466 St Croix Trail, North Branch, MN 55056, USA",Minnesota,United States,Monday: 11:00 AM ? 10:00 PM|Tuesday: 11:00 AM ? 10:00 PM|Wednesday: 11:00 AM ? 10:00 PM|Thursday: 11:00 AM ? 10:00 PM|Friday: 11:00 AM ? 10:00 PM|Saturday: 11:00 AM ? 10:00 PM|Sunday: 11:00 AM ? 9:30 PM,1,4.7,84,19,85
McDonald's,45.178923,-93.8714951,http://www.mcdonalds.com/,cafe|restaurant|food|store,fast food restaurant|Fast Food|breakfast restaurant|coffe container|coffee|coffee shop|fast food container|hamburger restaurant|Hamburger|ice cream shop|restaurant|salad shop|Salad|sandwich shop|Sandwich|sweets|tea and coffee merchant|western food,[],Buffalo,+1 763-682-5167,"303 7th St NE, Buffalo, MN 55313, USA",Minnesota,United States,Monday: Open 24 hours|Tuesday: Open 24 hours|Wednesday: Open 24 hours|Thursday: Open 24 hours|Friday: Open 24 hours|Saturday: Open 24 hours|Sunday: Open 24 hours,1,3.1,53,35,32
Downtowner Woodfire Grill,44.9429695,-93.1052042,http://www.downtownerwoodfire.com/,restaurant|food,persian restaurant|Persian|american restaurant|American|restaurant|western food,"[""moe@downtownerwoodfire.com""]",Saint Paul,+1 651-228-9500,"253 7th St W, St Paul, MN 55102, USA",Minnesota,United States,Monday: 7:00 AM ? 10:00 PM|Tuesday: 7:00 AM ? 10:00 PM|Wednesday: 7:00 AM ? 10:00 PM|Thursday: 7:00 AM ? 10:00 PM|Friday: 7:00 AM ? 11:00 PM|Saturday: 7:00 AM ? 11:00 PM|Sunday: 8:00 AM ? 9:00 PM,2,4.2,75,76,86
Pat's Tap,44.9392109,-93.2781754,http://www.patstap.com/,bar|restaurant|food,gastropub|asian fusion restaurant|bars and pubs|restaurant,"[""askus@patstap.com""]",Minneapolis,+1 612-822-8216,"3510 Nicollet Ave, Minneapolis, MN 55408, USA",Minnesota,United States,Monday: 11:00 AM ? 2:00 AM|Tuesday: 11:00 AM ? 2:00 AM|Wednesday: 11:00 AM ? 2:00 AM|Thursday: 11:00 AM ? 2:00 AM|Friday: 11:00 AM ? 2:00 AM|Saturday: 9:00 AM ? 2:00 AM|Sunday: 9:00 AM ? 2:00 AM,1,4.2,42,45,54
Anejos,45.5489765,-94.2180535,http://anejosrestaurant.net/,restaurant|food,restaurant,[],Waite Park,+1 320-774-1004,"234 2nd Ave S, Waite Park, MN 56387, USA",Minnesota,United States,Monday: 11:00 AM ? 9:00 PM|Tuesday: 11:00 AM ? 9:00 PM|Wednesday: 11:00 AM ? 9:00 PM|Thursday: 11:00 AM ? 9:00 PM|Friday: 11:00 AM ? 10:00 PM|Saturday: 11:00 AM ? 10:00 PM|Sunday: 11:00 AM ? 8:00 PM,1,4.5,41,49,36
Taco John's,44.9634932,-92.9817045,http://locations.tacojohns.com/mn/oakdale/1010-gershwin-avenue-n.html,restaurant|food,fast food restaurant|Fast Food|breakfast restaurant|diner|ethnic foods|fast food container|mexican restaurant|Mexican|restaurant|southwestern us restaurant|tex mex restaurant|western food,[],Saint Paul,+1 651-738-6831,"1010 Gershwin Ave N, St Paul, MN 55128, USA",Minnesota,United States,Monday: 7:00 AM ? 10:00 PM|Tuesday: 7:00 AM ? 10:00 PM|Wednesday: 7:00 AM ? 10:00 PM|Thursday: 7:00 AM ? 10:00 PM|Friday: 7:00 AM ? 10:00 PM|Saturday: 7:00 AM ? 10:00 PM|Sunday: 8:00 AM ? 10:00 PM,1,3.6,81,70,44
Pair of Dice Pizza,45.0093323,-93.3149923,http://www.pairofdicepizza.com/,restaurant|meal takeaway|food,restaurant|fast food container|meal takeaway|pizza restaurant|Pizza|pizzas|western food,"[""info@pairofdicepizza.com""]",Minneapolis,+1 612-522-3423,"2715 W Broadway Ave, Minneapolis, MN 55411, USA",Minnesota,United States,Monday: 4:00 ? 10:00 PM|Tuesday: 4:00 ? 10:00 PM|Wednesday: 4:00 ? 10:00 PM|Thursday: 4:00 ? 10:00 PM|Friday: 11:00 AM ? 11:00 PM|Saturday: 11:00 AM ? 11:00 PM|Sunday: 11:00 AM ? 10:00 PM,1,3.6,79,75,40
Jamba Juice,44.8663532,-93.3265822,http://locations.jambajuice.com/mn/edina/7511-france-ave.-south.html,restaurant|food,juice shop|restaurant,[],Edina,+1 952-842-9251,"7511 France Ave S, Edina, MN 55435, USA",Minnesota,United States,Monday: 7:00 AM ? 9:00 PM|Tuesday: 7:00 AM ? 9:00 PM|Wednesday: 7:00 AM ? 9:00 PM|Thursday: 7:00 AM ? 9:00 PM|Friday: 7:00 AM ? 9:00 PM|Saturday: 8:00 AM ? 9:00 PM|Sunday: 9:00 AM ? 8:00 PM,1,4.4,66,57,79
Woods Cafe-A'Viands,45.0153708,-93.4546255,http://aviandscafe.com/atria/,cafe|restaurant|food,cafe|coffee|restaurant,"[""atria@aviands.com""]",Minneapolis,+1 763-208-7737,"3033 Campus Dr, Minneapolis, MN 55441, USA",Minnesota,United States,Monday: 7:30 AM ? 2:00 PM|Tuesday: 7:30 AM ? 2:00 PM|Wednesday: 7:30 AM ? 2:00 PM|Thursday: 7:30 AM ? 2:00 PM|Friday: 7:30 AM ? 2:00 PM|Saturday: Closed|Sunday: Closed,2,3.2,81,71,25
Fireside Lounge,44.4063674,-93.0392731,http://www.firesidelounge.net/,night club|bar|restaurant|food,lounge|bars and pubs|dancing|discos and night clubs|restaurant,[],Dennison,+1 507-645-9992,"37540 Goodhue Ave, Dennison, MN 55018, USA",Minnesota,United States,Monday: Closed|Tuesday: 11:00 AM ? 9:00 PM|Wednesday: 11:00 AM ? 9:00 PM|Thursday: 11:00 AM ? 9:00 PM|Friday: 11:00 AM ? 10:00 PM|Saturday: 11:00 AM ? 10:00 PM|Sunday: 9:00 AM ? 9:00 PM,1,4.1,82,41,73
Dairy Queen Store,43.6668742,-92.9890374,http://www.dairyqueen.com/,restaurant|food,fast food restaurant|Fast Food|fast food container,[],Austin,+1 507-433-1369,"1200 W Oakland Ave, Austin, MN 55912, USA",Minnesota,United States,,1,3.9,80,77,10
Dairy Queen Ltd Brazier,43.978418,-94.6144933,http://www.dairyqueen.com/,restaurant|food,fast food restaurant|Fast Food|fast food container,[],Saint James,+1 507-375-4820,"1312 7th Ave S, St James, MN 56081, USA",Minnesota,United States,Monday: 11:00 AM ? 9:00 PM|Tuesday: 11:00 AM ? 9:00 PM|Wednesday: 11:00 AM ? 9:00 PM|Thursday: 11:00 AM ? 9:00 PM|Friday: 11:00 AM ? 9:00 PM|Saturday: 11:00 AM ? 9:00 PM|Sunday: 11:00 AM ? 9:00 PM,1,4.3,15,85,27
Front Row Live inc.,40.4657468,-86.1159371,https://www.facebook.com/FrontRowLiveKokomo/,bar|restaurant|food,live music venue|bar|bars and pubs|family restaurant|western food,[],Kokomo,+1 765-327-7475,"1833 S Plate St, Kokomo, IN 46902, USA",Indiana,United States,Monday: 8:00 PM ? 3:00 AM|Tuesday: 8:00 PM ? 3:00 AM|Wednesday: 8:00 PM ? 3:00 AM|Thursday: 8:00 PM ? 3:00 AM|Friday: 8:00 PM ? 3:00 AM|Saturday: 8:00 PM ? 3:00 AM|Sunday: 8:00 PM ? 3:00 AM,2,4,40,89,53
Red Robin Gourmet Burgers,39.992411,-85.929869,http://www.redrobin.com/locations?utm_source=google&utm_medium=distrib&utm_campaign=google-distrib,restaurant|food,hamburger restaurant|Hamburger|fast food container|western food,[], in comparison to most places.  I would highly recommend stopping by if you ever have the opportuni,+1 317-773-8150,"13215 Harrell Pkwy, Noblesville, IN 46060, USA",Noblesville,United States,Monday: 11:00 AM ? 10:00 PM|Tuesday: 11:00 AM ? 10:00 PM|Wednesday: 11:00 AM ? 10:00 PM|Thursday: 11:00 AM ? 10:00 PM|Friday: 11:00 AM ? 11:00 PM|Saturday: 11:00 AM ? 11:00 PM|Sunday: 11:00 AM ? 10:00 PM,1,3.7,80,50,75
Boston Market,39.7743432,-85.992399,http://www.bostonmarket.com/home,restaurant|meal takeaway|food,restaurant|american restaurant|American|catering|chicken restaurant|Chicken|fast food container|meal takeaway|sandwich shop|Sandwich|western food,"[""bostonmarketpr@icrinc.com""]",Indianapolis,+1 317-895-5853,"9961 E Washington St, Indianapolis, IN 46229, USA",Indiana,United States,Monday: 10:30 AM ? 10:00 PM|Tuesday: 10:30 AM ? 10:00 PM|Wednesday: 10:30 AM ? 10:00 PM|Thursday: 10:30 AM ? 10:00 PM|Friday: 10:30 AM ? 10:30 PM|Saturday: 10:30 AM ? 10:30 PM|Sunday: 10:30 AM ? 10:00 PM,1,4.5,83,81,15
KFC,39.959763,-86.126424,https://www.kfc.com/store-locator,restaurant|food,fast food restaurant|Fast Food|american restaurant|American|chicken restaurant|Chicken|chicken wings restaurant|Chicken Wings|fast food container|western food,"[""copyright@kfc.com""]",Carmel,+1 317-846-4107,"1331 S Rangeline Rd, Carmel, IN 46032, USA",Indiana,United States,Monday: 10:30 AM ? 10:00 PM|Tuesday: 10:30 AM ? 10:00 PM|Wednesday: 10:30 AM ? 10:00 PM|Thursday: 10:30 AM ? 10:00 PM|Friday: 10:30 AM ? 10:00 PM|Saturday: 10:30 AM ? 10:00 PM|Sunday: 10:30 AM ? 10:00 PM,1,3.4,24,69,52
Auntie Anne's Pretzels,41.0744191,-85.2177265,http://www.auntieannes.com/,bakery|cafe|restaurant|food|store,pretzel store|baked goods store|bakeries and patisseries|bakery|cafe|coffee|food products|restaurant,"[""customercare@auntieannesinc.com"", ""nutrition@auntieannesinc.com"", ""pretzelperksfeedback@auntieannes.com""]",Fort Wayne,+1 260-436-6117,"5903 Illinois Rd, Fort Wayne, IN 46804, USA",Indiana,United States,Monday: 10:00 AM ? 9:00 PM|Tuesday: 10:00 AM ? 9:00 PM|Wednesday: 10:00 AM ? 9:00 PM|Thursday: 10:00 AM ? 9:00 PM|Friday: 10:00 AM ? 9:00 PM|Saturday: 10:00 AM ? 9:00 PM|Sunday: 10:00 AM ? 9:00 PM,1,2.8,16,45,50
Magoo's California Pizza,39.7641687,-86.3353662,http://www.magooscalpizza.com/,restaurant|food,restaurant|fast food container|pizza restaurant|Pizza|pizzas|western food,"[""4alaaawan@gmail.com""]",Avon,+1 317-271-4411,"10584 US-36, Avon, IN 46123, USA",Indiana,United States,Monday: Closed|Tuesday: 11:00 AM ? 10:00 PM|Wednesday: 11:00 AM ? 10:00 PM|Thursday: 11:00 AM ? 10:00 PM|Friday: 11:00 AM ? 11:00 PM|Saturday: 11:00 AM ? 11:00 PM|Sunday: 11:00 AM ? 10:00 PM,1,4.8,76,41,31
Hardee's,40.5060662,-86.1123508,http://www.hardees.com/locations,restaurant|food,fast food restaurant|Fast Food|fast food container|hamburger restaurant|Hamburger|restaurant|western food,"[""support@superstarrewards.com""]",Kokomo,+1 765-456-3140,"1500 E Morgan St, Kokomo, IN 46901, USA",Indiana,United States,Monday: 5:00 AM ? 10:00 PM|Tuesday: 5:00 AM ? 10:00 PM|Wednesday: 5:00 AM ? 10:00 PM|Thursday: 5:00 AM ? 10:00 PM|Friday: 5:00 AM ? 10:00 PM|Saturday: 5:00 AM ? 10:00 PM|Sunday: 6:00 AM ? 9:00 PM,1,3.8,46,61,32
Penn Station East Coast Subs,39.492854,-86.0639,http://www.penn-station.com/,meal takeaway|restaurant|food|store,sandwich shop|Sandwich|american restaurant|American|deli|fast food container|fast food restaurant|Fast Food|food products|meal takeaway|restaurant|western food,[],Franklin,+1 317-346-7366,"1143 N Morton St, Franklin, IN 46131, USA",Indiana,United States,Monday: 11:00 AM ? 10:00 PM|Tuesday: 11:00 AM ? 10:00 PM|Wednesday: 11:00 AM ? 10:00 PM|Thursday: 11:00 AM ? 10:00 PM|Friday: 11:00 AM ? 10:00 PM|Saturday: 11:00 AM ? 10:00 PM|Sunday: 12:00 ? 8:00 PM,1,4.4,26,20,88
ATHENS ON 86th,39.9135053,-86.2007093,http://www.athenson86th.com/,restaurant|food,greek restaurant|Greek|european restaurant|mediterranean restaurant|Mediterranean|western food,"[""athenson86th@gmail.com""]",Indianapolis,+1 317-879-8644,"2284 W 86th St, Indianapolis, IN 46260, USA",Indiana,United States,Monday: Closed|Tuesday: 11:00 AM ? 9:00 PM|Wednesday: 11:00 AM ? 9:00 PM|Thursday: 11:00 AM ? 9:00 PM|Friday: 11:00 AM ? 10:00 PM|Saturday: 11:00 AM ? 10:00 PM|Sunday: 11:00 AM ? 9:00 PM,2,4.4,13,55,63
McDonald's,39.6659089,-86.0979711,http://www.mcdonalds.com/,cafe|restaurant|food|store,fast food restaurant|Fast Food|breakfast restaurant|coffe container|coffee|coffee shop|fast food container|hamburger restaurant|Hamburger|ice cream shop|restaurant|salad shop|Salad|sandwich shop|Sandwich|sweets|tea and coffee merchant|western food,[],Indianapolis,+1 317-755-1115,"4044 E Southport Rd, Indianapolis, IN 46237, USA",Indiana,United States,Monday: 5:00 AM ? 11:00 PM|Tuesday: 5:00 AM ? 11:00 PM|Wednesday: 5:00 AM ? 11:00 PM|Thursday: 5:00 AM ? 11:00 PM|Friday: Open 24 hours|Saturday: Open 24 hours|Sunday: 5:00 AM ? 11:00 PM,1,3.4,90,87,90
QDOBA Mexican Eats,38.3295062,-85.7595456,https://www.qdoba.com/,bar|restaurant|food|store,mexican restaurant|Mexican|b to b companies|bar and grill|Grill|bars and pubs|box lunch supplier|brunch restaurant|business service|catering service|delivery service|ethnic foods|fast food container|fast food restaurant|Fast Food|party service|restaurant|tex mex restaurant|western food,[],Clarksville,+1 812-206-2077,"1305 Veterans Pkwy #500, Clarksville, IN 47129, USA",Indiana,United States,Monday: 10:30 AM ? 10:30 PM|Tuesday: 10:30 AM ? 10:30 PM|Wednesday: 10:30 AM ? 10:30 PM|Thursday: 10:30 AM ? 10:30 PM|Friday: 10:30 AM ? 10:30 PM|Saturday: 10:30 AM ? 10:30 PM|Sunday: 10:30 AM ? 10:30 PM,1,3.9,56,47,22
Pita Village,41.179413,-85.135619,http://www.pitavillage.com/,restaurant|food,greek restaurant|Greek|western food,"[""your@email.com""]",Fort Wayne,+1 260-619-3604,"511 E Dupont Rd, Fort Wayne, IN 46825, USA",Indiana,United States,Monday: 11:00 AM ? 4:00 PM|Tuesday: 11:00 AM ? 4:00 PM|Wednesday: 11:00 AM ? 4:00 PM|Thursday: 11:00 AM ? 4:00 PM|Friday: 11:00 AM ? 8:00 PM|Saturday: 11:00 AM ? 8:00 PM|Sunday: Closed,2,4.7,37,82,22
Arby's,40.2793067,-86.4787905,http://locations.arbys.com/us/in/frankfort/2446-e-wabash-st.html,restaurant|food,fast food restaurant|Fast Food|american restaurant|American|family restaurant|fast food container|sandwich shop|Sandwich|western food,[],Frankfort,+1 765-654-7647,"2446 E Wabash St, Frankfort, IN 46041, USA",Indiana,United States,Monday: 10:00 AM ? 12:00 AM|Tuesday: 10:00 AM ? 12:00 AM|Wednesday: 10:00 AM ? 12:00 AM|Thursday: 10:00 AM ? 12:00 AM|Friday: 10:00 AM ? 1:00 AM|Saturday: 10:00 AM ? 1:00 AM|Sunday: 10:00 AM ? 12:00 AM,1,3.9,83,11,47
Tegry Bistro,39.9565397,-85.9157826,http://www.tegrybistro.com/tegrybistro.com/locations.html,restaurant|food,restaurant|ethnic foods|japanese food|japanese restaurant|Japanese|japanese steakhouse|seafood restaurant|Seafood|sushi restaurant|Sushi,"[""tegrybistro@sbcglobal.net"", ""tegrybistro@comcast.net""]",Fishers,+1 317-436-8819,"11561 Geist Pavilion Dr #103, Fishers, IN 46037, USA",Indiana,United States,"Monday: 11:00 AM ? 2:30 PM, 4:30 ? 9:00 PM|Tuesday: 11:00 AM ? 2:30 PM, 4:30 ? 9:30 PM|Wednesday: 11:00 AM ? 2:30 PM, 4:30 ? 9:30 PM|Thursday: 11:00 AM ? 2:30 PM, 4:30 ? 9:30 PM|Friday: 11:00 AM ? 2:30 PM, 4:30 ? 9:30 PM|Saturday: 12:00 ? 9:30 PM|Sunday: 12:00 ? 8:30 PM",2,4.5,84,56,51
Pizza Hut,39.9592582,-86.0397639,http://www.pizzahut.com/,meal delivery|meal takeaway|restaurant|food,pizza restaurant|Pizza|deliveries|fast food container|meal delivery|meal takeaway|pizzas|restaurant|western food,[],Fishers,+1 317-578-8000,"11722 Allisonville Rd, Fishers, IN 46038, USA",Indiana,United States,Monday: 11:00 AM ? 11:00 PM|Tuesday: 11:00 AM ? 11:00 PM|Wednesday: 11:00 AM ? 11:00 PM|Thursday: 11:00 AM ? 11:00 PM|Friday: 11:00 AM ? 12:00 AM|Saturday: 11:00 AM ? 12:00 AM|Sunday: 11:00 AM ? 11:00 PM,1,3.2,23,19,43
Wendy's,41.6857124,-86.8943944,https://locations.wendys.com/michigan-city-in-2891?utm_source=google&utm_medium=local&utm_campaign=google-distrib,restaurant|food,fast food restaurant|Fast Food|fast food container|hamburger restaurant|Hamburger|restaurant|western food,[],Michigan City,+1 219-872-0368,"3715 Franklin St, Michigan City, IN 46360, USA",Indiana,United States,Monday: 10:00 AM ? 11:00 PM|Tuesday: 10:00 AM ? 11:00 PM|Wednesday: 10:00 AM ? 11:00 PM|Thursday: 10:00 AM ? 11:00 PM|Friday: 10:00 AM ? 11:00 PM|Saturday: 10:00 AM ? 11:00 PM|Sunday: 10:00 AM ? 11:00 PM,1,3.3,28,48,10
Hungry Howie's Pizza,39.694333,-86.062489,http://www.hungryhowies.com/store/hungry-howies-02020,meal delivery|meal takeaway|restaurant|food,pizza restaurant|Pizza|deliveries|fast food container|pizza delivery service|pizzas|pizzatakeaway|western food,"[""community@hungryhowies.com"", ""unsubscribe@hungryhowies.com""]",Indianapolis,+1 317-786-5800,"6005 E Thompson Rd, Indianapolis, IN 46237, USA",Indiana,United States,Monday: 11:00 AM ? 11:00 PM|Tuesday: 11:00 AM ? 11:00 PM|Wednesday: 11:00 AM ? 11:00 PM|Thursday: 11:00 AM ? 11:00 PM|Friday: 11:00 AM ? 12:00 AM|Saturday: 11:00 AM ? 12:00 AM|Sunday: 11:00 AM ? 11:00 PM,1,3.4,18,58,73
Jimmy John's,39.171717,-86.50999,http://www.jimmyjohns.com/,meal delivery|meal takeaway|restaurant|food,sandwich shop|Sandwich|business service|catering service|deliveries|fast food container|fast food restaurant|Fast Food|meal delivery|meal takeaway|party service|restaurant,[],Bloomington,+1 812-333-2102,"1827 E 10th St, Bloomington, IN 47408, USA",Indiana,United States,Monday: 11:00 AM ? 3:00 AM|Tuesday: 11:00 AM ? 3:00 AM|Wednesday: 11:00 AM ? 3:00 AM|Thursday: 11:00 AM ? 4:00 AM|Friday: 11:00 AM ? 4:00 AM|Saturday: 11:00 AM ? 4:00 AM|Sunday: 11:00 AM ? 3:00 AM,1,4.5,33,62,76
Hwy 55 Burgers Shakes & Fries,38.3559346,-85.7010131,http://hwy55.com/,restaurant|food,restaurant,[],Jeffersonville,+1 812-725-0025,"5420 IN-62 Suite 500, Jeffersonville, IN 47130, USA",Indiana,United States,Monday: 11:00 AM ? 9:00 PM|Tuesday: 11:00 AM ? 9:00 PM|Wednesday: 11:00 AM ? 9:00 PM|Thursday: 11:00 AM ? 9:00 PM|Friday: 11:00 AM ? 10:00 PM|Saturday: 11:00 AM ? 10:00 PM|Sunday: 11:00 AM ? 9:00 PM,2,4,70,88,24
DQ Grill & Chill,40.0010155,-85.7304584,http://www.dairyqueen.com/,restaurant|food,fast food restaurant|Fast Food|fast food container,[],Pendleton,+1 765-778-1700,"3001 US-36, Pendleton, IN 46064, USA",Indiana,United States,Monday: 10:30 AM ? 9:00 PM|Tuesday: 10:30 AM ? 9:00 PM|Wednesday: 10:30 AM ? 9:00 PM|Thursday: 10:30 AM ? 9:00 PM|Friday: 10:30 AM ? 10:00 PM|Saturday: 10:30 AM ? 10:00 PM|Sunday: 11:00 AM ? 9:00 PM,1,3.8,66,40,14
Taste of Philly,40.9580155,-85.3709852,https://m.facebook.com/TasteOfPhillyRoanokeIndiana/,restaurant|food,restaurant,[],Roanoke,+1 260-672-0550,"4227 E Station Rd, Roanoke, IN 46783, USA",Indiana,United States,Monday: 10:30 AM ? 7:00 PM|Tuesday: 10:30 AM ? 7:00 PM|Wednesday: 10:30 AM ? 7:00 PM|Thursday: 10:30 AM ? 7:00 PM|Friday: 10:30 AM ? 8:30 PM|Saturday: 11:00 AM ? 8:30 PM|Sunday: 11:00 AM ? 8:30 PM,1,4.8,16,87,43
Dairy Queen Brazier,40.130369,-86.2100612,http://www.dairyqueen.com/,restaurant|food,fast food restaurant|Fast Food|fast food container,[],Sheridan,+1 317-758-5555,"2710 W 236th St, Sheridan, IN 46069, USA",Indiana,United States,Monday: 10:30 AM ? 9:00 PM|Tuesday: 10:30 AM ? 9:00 PM|Wednesday: 10:30 AM ? 9:00 PM|Thursday: 10:30 AM ? 9:00 PM|Friday: 10:30 AM ? 9:30 PM|Saturday: 10:30 AM ? 9:30 PM|Sunday: 11:00 AM ? 9:30 PM,1,3.1,22,26,80
Little Caesars Pizza,41.6953589,-86.1978755,http://www.littlecaesars.com/?utm_source=google&utm_medium=local&utm_campaign=localmaps&utm_content=14190001,meal takeaway|restaurant|food,pizza restaurant|Pizza|fast food container|pizzas|pizzatakeaway|western food,[],South Bend,+1 574-243-4680,"3601 Edison Rd, South Bend, IN 46615, USA",Indiana,United States,Monday: 11:00 AM ? 11:00 PM|Tuesday: 11:00 AM ? 11:00 PM|Wednesday: 11:00 AM ? 11:00 PM|Thursday: 11:00 AM ? 11:00 PM|Friday: 11:00 AM ? 11:00 PM|Saturday: 11:00 AM ? 11:00 PM|Sunday: 11:00 AM ? 11:00 PM,1,3.7,75,29,83
Peking Garden Restaurant,40.0936891,-86.0700447,http://noblesvillepekinggarden.weebly.com/,restaurant|food,chinese restaurant|Chinese|chinese food|ethnic foods,[],Noblesville,+1 317-877-8888,"19 Harbourtown Center, Noblesville, IN 46062, USA",Indiana,United States,Monday: 10:30 AM ? 10:30 PM|Tuesday: 10:30 AM ? 10:30 PM|Wednesday: 10:30 AM ? 10:30 PM|Thursday: 10:30 AM ? 10:30 PM|Friday: 10:30 AM ? 11:00 PM|Saturday: 10:30 AM ? 11:00 PM|Sunday: 11:00 AM ? 10:00 PM,2,4.5,87,27,17
Arby's,41.6996612,-85.8892176,http://locations.arbys.com/us/in/elkhart/113-cr-17.html,restaurant|food,fast food restaurant|Fast Food|american restaurant|American|family restaurant|fast food container|sandwich shop|Sandwich|western food,[],Elkhart,+1 574-389-1100,"113 CR 17, Elkhart, IN 46516, USA",Indiana,United States,Monday: 5:00 AM ? 12:00 AM|Tuesday: 5:00 AM ? 12:00 AM|Wednesday: 5:00 AM ? 12:00 AM|Thursday: 5:00 AM ? 12:00 AM|Friday: 5:00 AM ? 12:00 AM|Saturday: 5:00 AM ? 12:00 AM|Sunday: 5:00 AM ? 12:00 AM,1,4.3,35,10,24
Hooters,39.7641241,-86.1589309,http://www.hooters.com/,bar|restaurant|food,american restaurant|American|bars and pubs|chicken wings restaurant|Chicken Wings|fast food container|hamburger restaurant|Hamburger|seafood restaurant|Seafood|sports bar|western food,"[""hooterspr@hooters.com""]",Indianapolis,+1 317-267-9637,"25 W Georgia St, Indianapolis, IN 46225, USA",Indiana,United States,Monday: 11:00 AM ? 12:00 AM|Tuesday: 11:00 AM ? 12:00 AM|Wednesday: 11:00 AM ? 12:00 AM|Thursday: 11:00 AM ? 12:00 AM|Friday: 11:00 AM ? 1:00 AM|Saturday: 11:00 AM ? 1:00 AM|Sunday: 11:00 AM ? 11:00 PM,1,3.5,24,63,19
Double S Smokehouse,41.128266,-74.725011,http://doublessmokehouse.com/,restaurant|food,barbecue restaurant|Barbecue,"[""lauram2363@gmail.com""]",Frankford,+1 973-250-3000,"124 US-206, Augusta, NJ 07822, USA",New Jersey,United States,Monday: Closed|Tuesday: 11:00 AM ? 8:00 PM|Wednesday: 11:00 AM ? 8:00 PM|Thursday: 11:00 AM ? 8:00 PM|Friday: 11:00 AM ? 9:00 PM|Saturday: 11:00 AM ? 9:00 PM|Sunday: 11:00 AM ? 9:00 PM,1,4.1,38,11,62
Hoy Yeung Restaurant,39.6416616,-74.7820309,http://hoyyeungrestaurant.com/,restaurant|food,japanese authentic restaurant|chinese food|chinese restaurant|Chinese|ethnic foods|japanese food|sushi restaurant|Sushi,[],Hammonton,+1 609-561-1440,"240 S White Horse Pike, Hammonton, NJ 08037, USA",New Jersey,United States,Monday: 11:00 AM ? 10:00 PM|Tuesday: Closed|Wednesday: 11:00 AM ? 10:00 PM|Thursday: 11:00 AM ? 10:00 PM|Friday: 11:00 AM ? 11:00 PM|Saturday: 11:00 AM ? 11:00 PM|Sunday: 12:00 ? 10:00 PM,2,4.4,34,31,89
Gems House of Bagels,40.424661,-74.160135,http://www.gemsbagels.com/,bakery|restaurant|food|store,bagel shop|baked goods store|bakeries and patisseries|fast food container|food products|sandwich shop|Sandwich,[],Hazlet,+1 732-203-1010,"1727 Union Ave, Hazlet, NJ 07730, USA",New Jersey,United States,Monday: 6:00 AM ? 3:00 PM|Tuesday: 6:00 AM ? 3:00 PM|Wednesday: 6:00 AM ? 3:00 PM|Thursday: 6:00 AM ? 3:00 PM|Friday: 6:00 AM ? 3:00 PM|Saturday: 6:00 AM ? 3:00 PM|Sunday: 6:00 AM ? 2:00 PM,2,4.7,87,59,71
California Pizza Kitchen at Bridgewater Commons,40.5854773,-74.6194557,http://www.cpk.com/Location/Details/Bridgewater-Commons,restaurant|food,american restaurant|American|western food,"[""brigolini@cpk.com"", ""galmonte@cpk.com"", ""CPK0307@cpk.com"", ""bdukes@cpk.com"", ""swenz@cpk.com"", ""dStefankiewicz@cpk.com""]",Bridgewater,+1 908-566-1225,"400 Commons Way #1090, Bridgewater, NJ 08807, USA",New Jersey,United States,Monday: 11:00 AM ? 9:30 PM|Tuesday: 11:00 AM ? 9:30 PM|Wednesday: 11:00 AM ? 9:30 PM|Thursday: 11:00 AM ? 9:30 PM|Friday: 11:00 AM ? 10:00 PM|Saturday: 11:00 AM ? 10:00 PM|Sunday: 11:30 AM ? 8:00 PM,2,3.7,36,27,12
Tanti Baci Caffe,41.031975,-74.64101,http://www.tantibacicaffe.com/,restaurant|food,european restaurant|banquet hall|gluten free restaurant|italian restaurant|Italian|restaurant|western food,"[""dine.sparta@tantibacicaffe.com""]",Sparta Township,+1 973-726-9399,"2 White Deer Plaza, Sparta Township, NJ 07871, USA",New Jersey,United States,Monday: Closed|Tuesday: 12:30 ? 9:30 PM|Wednesday: 12:30 ? 9:30 PM|Thursday: 12:30 ? 9:30 PM|Friday: 12:30 ? 11:00 PM|Saturday: 12:00 ? 11:00 PM|Sunday: Closed,2,4.5,36,62,13
Grissini,40.879537,-73.95198,http://www.grissinirestaurant.com/,restaurant|food,italian restaurant|Italian|b to b companies|business service|delivery service|restaurant|western food,[],Englewood Cliffs,+1 201-568-3535,"484 Sylvan Ave, Englewood Cliffs, NJ 07632, USA",New Jersey,United States,Monday: 11:30 AM ? 11:00 PM|Tuesday: 11:30 AM ? 11:00 PM|Wednesday: 11:30 AM ? 11:00 PM|Thursday: 11:30 AM ? 11:00 PM|Friday: 11:30 AM ? 11:00 PM|Saturday: 4:00 PM ? 12:00 AM|Sunday: 12:00 ? 10:00 PM,2,3.9,47,68,18
Garden of Eden Flower Shop Salem,39.5938949,-75.4453896,https://gardenofedenflowershop.com/,florist|meal takeaway|restaurant|food|store,florist|business service|decoration|flowers|gift shop|snack bar,"[""info@gardenofedenflowershop.com""]",Salem,+1 856-935-4435,"310 Salem Woodstown Rd a, Salem, NJ 08079, USA",New Jersey,United States,Monday: 9:00 AM ? 5:00 PM|Tuesday: 9:00 AM ? 5:00 PM|Wednesday: 9:00 AM ? 5:00 PM|Thursday: 9:00 AM ? 5:00 PM|Friday: 9:00 AM ? 5:00 PM|Saturday: 10:00 AM ? 4:00 PM|Sunday: Closed,1,1,90,14,22
Checkers,39.8330963,-75.0054027,https://www.checkers.com/,restaurant|food,restaurant|american restaurant|American|chicken restaurant|Chicken|fast food container|fast food restaurant|Fast Food|hamburger restaurant|Hamburger|sandwich shop|Sandwich|western food,"[""MEDIA@CHECKERS.COM"", ""media@checkers.com""]",Stratford,+1 856-783-2147,"2 S White Horse Pike, Stratford, NJ 08084, USA",New Jersey,United States,Monday: 10:00 AM ? 2:00 AM|Tuesday: 10:00 AM ? 2:00 AM|Wednesday: 10:00 AM ? 2:00 AM|Thursday: 10:00 AM ? 2:00 AM|Friday: 10:00 AM ? 2:00 AM|Saturday: 10:00 AM ? 2:00 AM|Sunday: 10:00 AM ? 2:00 AM,1,2.8,34,43,46
Boston Market,41.0162972,-73.9460723,http://www.bostonmarket.com/home,restaurant|meal takeaway|food,restaurant|american restaurant|American|chicken restaurant|Chicken|fast food container|fast food restaurant|Fast Food|meal takeaway|sandwich shop|Sandwich|western food,"[""bostonmarketpr@icrinc.com""]",Northvale,+1 201-784-1177,"275 Livingston St, Northvale, NJ 07647, USA",New Jersey,United States,Monday: 11:00 AM ? 10:00 PM|Tuesday: 11:00 AM ? 10:00 PM|Wednesday: 11:00 AM ? 10:00 PM|Thursday: 8:00 AM ? 7:00 PM|Friday: 11:00 AM ? 10:00 PM|Saturday: 11:00 AM ? 10:00 PM|Sunday: 11:00 AM ? 9:00 PM,1,3.7,78,88,70
Domo 7 Japanese Restaurant,40.6185895,-74.7575164,http://www.domo-7.com/,restaurant|food,restaurant|asian restaurant|ethnic foods|japanese food|japanese restaurant|Japanese|sushi restaurant|Sushi,"[""info@Domo-7.com"", ""myname@example.com""]",,+1 908-534-7773,"547 US-22, Whitehouse Station, NJ 08889, USA",New Jersey,United States,,1,4.6,21,28,46
The Dillinger Room,40.4939775,-74.4439384,http://www.thedillingerroom.com/,bar|restaurant|food,bar|bars and pubs|restaurant,[],New Brunswick,+1 732-214-0223,"338 George St, New Brunswick, NJ 08901, USA",New Jersey,United States,Monday: Closed|Tuesday: 12:00 PM ? 12:00 AM|Wednesday: 12:00 PM ? 12:00 AM|Thursday: 12:00 PM ? 2:00 AM|Friday: 12:00 PM ? 2:00 AM|Saturday: 4:00 PM ? 2:00 AM|Sunday: 11:00 AM ? 10:00 PM,2,4.4,76,38,28
Sand Bar & Grill,40.107225,-74.052572,http://sandbarbrielle.com/,bar|restaurant|food,seafood restaurant|Seafood|american restaurant|American|bars and pubs|cocktail bar|ethnic foods|japanese food|restaurant|sushi restaurant|Sushi|western food,"[""support@townsquareinteractive.com""]",Brielle,+1 732-528-7750,"201 Union Ln, Brielle, NJ 08730, USA",New Jersey,United States,Monday: 11:00 AM ? 11:00 PM|Tuesday: 11:00 AM ? 11:00 PM|Wednesday: 11:00 AM ? 11:00 PM|Thursday: 11:00 AM ? 11:00 PM|Friday: 11:00 AM ? 2:00 AM|Saturday: 11:00 AM ? 2:00 AM|Sunday: 11:00 AM ? 11:00 PM,2,4,41,11,65
Diving Horse,39.101126,-74.717732,http://www.thedivinghorseavalon.com/,restaurant|food,seafood restaurant|Seafood|restaurant,"[""jobs@thedivinghorseavalon.com"", ""Jobs@thedivinghorseavalon.com"", ""events@thedivinghorseavalon.com"", ""EVENTS@thepubandkitchen.com""]",Avalon,+1 609-368-5000,"2109 Dune Dr, Avalon, NJ 08202, USA",New Jersey,United States,Monday: 5:00 ? 10:00 PM|Tuesday: 5:00 ? 10:00 PM|Wednesday: 5:00 ? 10:00 PM|Thursday: 5:00 ? 10:00 PM|Friday: 5:00 ? 10:00 PM|Saturday: 5:00 ? 10:00 PM|Sunday: 5:00 ? 10:00 PM,3,4,78,67,18
Jim & Mike's Pizza & Steaks,39.7330713,-75.1311964,http://www.jimandmikespizza.com/,meal takeaway|restaurant|food,pizza restaurant|Pizza|fast food container|italian restaurant|Italian|pizzas|pizzatakeaway|restaurant|western food,[],Pitman,+1 856-582-8044,"7 S Broadway, Pitman, NJ 08071, USA",New Jersey,United States,Monday: 9:00 AM ? 9:00 PM|Tuesday: 9:00 AM ? 9:00 PM|Wednesday: 9:00 AM ? 9:00 PM|Thursday: 9:00 AM ? 9:00 PM|Friday: 9:00 AM ? 10:00 PM|Saturday: 9:00 AM ? 10:00 PM|Sunday: 9:00 AM ? 9:00 PM,1,4.2,79,70,75
Jin Glatt Kosher,40.8468766,-74.1268872,http://www.jinglatt.com/,restaurant|food,chinese restaurant|Chinese|chinese food|ethnic foods,[],Passaic,+1 973-777-4900,"227 Main Ave, Passaic, NJ 07055, USA",New Jersey,United States,Monday: 11:00 AM ? 10:00 PM|Tuesday: 11:00 AM ? 10:00 PM|Wednesday: 11:00 AM ? 10:00 PM|Thursday: 11:00 AM ? 10:00 PM|Friday: 10:00 AM ? 3:00 PM|Saturday: Closed|Sunday: 11:00 AM ? 10:00 PM,1,4.4,52,33,39
Dunkin' Donuts,40.736092,-74.029713,https://www.dunkindonuts.com/?utm_source=google&utm_medium=local&utm_campaign=localmaps&utm_content=338867,bakery|cafe|restaurant|food|store,donut shop|bagel shop|baked goods store|bakeries and patisseries|bakery|breakfast restaurant|coffe container|coffee|coffee shop|espresso bar|fast food container|fast food restaurant|Fast Food|food products|pastry shop|sandwich shop|Sandwich|sweets|tea and coffee merchant,[],Hoboken,+1 201-792-3113,"40 Hudson Pl, Hoboken, NJ 07030, USA",New Jersey,United States,Monday: Open 24 hours|Tuesday: Open 24 hours|Wednesday: Open 24 hours|Thursday: Open 24 hours|Friday: Open 24 hours|Saturday: Open 24 hours|Sunday: Open 24 hours,1,4.1,81,20,86
POC,40.9096853,-74.031643,http://pocrestaurants.com/,restaurant|food,buffet restaurant|asian fusion restaurant|ethnic foods|japanese food|sushi restaurant|Sushi,"[""pocrestaurants@gmail.com""]",Hackensack,+1 201-488-0888,"450 Hackensack Ave, Hackensack, NJ 07601, USA",New Jersey,United States,"Monday: 11:30 AM ? 2:30 PM, 5:00 ? 9:30 PM|Tuesday: 11:30 AM ? 2:30 PM, 5:00 ? 9:30 PM|Wednesday: 11:30 AM ? 2:30 PM, 5:00 ? 9:30 PM|Thursday: 11:30 AM ? 2:30 PM, 5:00 ? 9:30 PM|Friday: 11:30 AM ? 2:30 PM, 5:00 ? 10:30 PM|Saturday: 11:00 AM ? 3:00 PM, 4:30 ? 10:00 PM|Sunday: 11:00 AM ? 3:00 PM, 4:30 ? 9:00 PM",1,4.1,29,36,44
Anthony Francos Ristorante & Pizzeria,41.041203,-74.6358542,http://www.afpizza.com/sparta,restaurant|food,restaurant|fast food container|pizza restaurant|Pizza|pizzas|western food,[],Sparta Township,+1 973-729-6000,"8 Town Center Dr, Sparta Township, NJ 07871, USA",New Jersey,United States,Monday: 10:00 AM ? 10:00 PM|Tuesday: 10:00 AM ? 10:00 PM|Wednesday: 10:00 AM ? 10:00 PM|Thursday: 10:00 AM ? 10:00 PM|Friday: 10:00 AM ? 10:30 PM|Saturday: 10:00 AM ? 10:30 PM|Sunday: 10:00 AM ? 10:00 PM,2,3.8,41,30,48
Supreme Kabab and Curry,40.4379903,-74.536197,http://www.supremekabab.com,restaurant|food,restaurant|fast food container|fast food restaurant|Fast Food|pakistani restaurant|Pakistani,"[""info@supremekabab.com""]",South Brunswick Township,+1 732-940-2300,"3076 NJ-27 Suite #1, Franklin Park, NJ 08823, USA",New Jersey,United States,Monday: Closed|Tuesday: 9:30 AM ? 8:30 PM|Wednesday: 9:30 AM ? 8:30 PM|Thursday: 9:30 AM ? 8:30 PM|Friday: 9:30 AM ? 8:30 PM|Saturday: 9:30 AM ? 8:30 PM|Sunday: 9:30 AM ? 8:30 PM,1,3.7,88,42,48
Coal Fired Pizza,40.2963859,-74.2993897,http://www.coalpizzeria.com/,restaurant|food,pizza restaurant|Pizza|fast food container|italian restaurant|Italian|pizzas|western food,"[""Solotrattoria@aol.com""]","100 U.S. 9, Manalapan Township",+1 732-677-3220,"100 U.S. 9, Manalapan Township, NJ 07726, USA",New Jersey,United States,Monday: 11:30 AM ? 10:00 PM|Tuesday: 11:30 AM ? 10:00 PM|Wednesday: 11:30 AM ? 10:00 PM|Thursday: 11:30 AM ? 10:00 PM|Friday: 11:30 AM ? 11:00 PM|Saturday: 11:30 AM ? 11:00 PM|Sunday: 11:30 AM ? 9:00 PM,3,3.6,20,58,36
CARS: Sandwiches & Shakes,41.0572679,-74.1389125,http://www.eatatcars.com/,restaurant|food,new us american restaurant|restaurant|western food,[],Ramsey,+1 201-871-8600,"114 E Main St, Ramsey, NJ 07446, USA",New Jersey,United States,Monday: 11:00 AM ? 1:00 AM|Tuesday: 11:00 AM ? 1:00 AM|Wednesday: 11:00 AM ? 1:00 AM|Thursday: 11:00 AM ? 2:00 AM|Friday: 11:00 AM ? 3:00 AM|Saturday: 11:00 AM ? 3:00 AM|Sunday: 12:00 ? 8:00 PM,1,4.1,86,33,70
Subway,41.1648265,-74.5583623,http://www.subway.com/,restaurant|food,restaurant|business service|catering service|fast food container|fast food restaurant|Fast Food|party service|sandwich shop|Sandwich,[],Hamburg,+1 973-823-6305,"3672 NJ-94, Hamburg, NJ 07419, USA",New Jersey,United States,Monday: 7:00 AM ? 9:00 PM|Tuesday: 7:00 AM ? 9:00 PM|Wednesday: 7:00 AM ? 9:00 PM|Thursday: 7:00 AM ? 9:00 PM|Friday: 7:00 AM ? 10:00 PM|Saturday: 7:00 AM ? 10:00 PM|Sunday: 8:00 AM ? 9:00 PM,1,5,68,70,77
Fuji Restaurant,39.8969283,-75.0334453,http://www.fujirestaurant.com/,restaurant|food,japanese restaurant|Japanese|asian restaurant|ethnic foods|japanese food|restaurant|sushi restaurant|Sushi,"[""fujihaddonfield@yahoo.com""]",Haddonfield,+1 856-354-8200,"116 Kings Hwy E, Haddonfield, NJ 08033, USA",New Jersey,United States,"Monday: Closed|Tuesday: 11:30 AM ? 2:30 PM, 4:30 ? 9:00 PM|Wednesday: 11:30 AM ? 2:30 PM, 4:30 ? 9:00 PM|Thursday: 11:30 AM ? 2:30 PM, 4:30 ? 9:00 PM|Friday: 11:30 AM ? 2:30 PM, 5:00 ? 10:00 PM|Saturday: 12:00 ? 2:30 PM, 5:00 ? 10:00 PM|Sunday: 4:00 ? 9:00 PM",3,4.6,40,65,16
Sushi John,40.4047252,-74.6471796,http://www.sushijohn.com/,restaurant|food,japanese restaurant|Japanese|ethnic foods|japanese food|sushi restaurant|Sushi,[],Montgomery,+1 609-921-8551,"1325 US-206, Skillman, NJ 08858, USA",New Jersey,United States,Monday: 11:30 AM ? 9:30 PM|Tuesday: 11:30 AM ? 9:30 PM|Wednesday: 11:30 AM ? 9:30 PM|Thursday: 11:30 AM ? 9:30 PM|Friday: 11:30 AM ? 10:00 PM|Saturday: 11:30 AM ? 10:00 PM|Sunday: 11:30 AM ? 9:30 PM,1,5,67,11,14
